redeem,reward,hiveid,server,date,status
sw2025jan6a8,Energy x1,kkws228,china,2025-01-11T22:14:37.855223Z,手动领取过
swxdshappy25,Mystical Scroll x3,kkws228,china,2025-01-11T22:18:11.124883Z,手动领取过
sw2025jan6a8,Energy x1,samuer007,china,2025-01-11T22:23:42.194715Z,手动领取过
swxdshappy25,Mystical Scroll x3,samuer007,china,2025-01-11T22:26:46.972621Z,手动领取过
sw2025jan6a8,Energy x1,safety007,china,2025-01-11T22:29:30.470087Z,手动领取过
swxdshappy25,Mystical Scroll x3,safety007,china,2025-01-11T22:31:46.795561Z,手动领取过
sw2025jan6a8,Energy x1,1940519852,china,2025-01-11T22:32:45.159585Z,手动领取过
swxdshappy25,Mystical Scroll x3,1940519852,china,2025-01-11T22:35:07.514415Z,手动领取过
sw2025jan6a8,Energy x1,763066,china,2025-01-11T22:37:07.718035Z,手动领取过
swxdshappy25,Mystical Scroll x3,763066,china,2025-01-11T22:39:26.699326Z,手动领取过
sw2025jan6a8,Energy x1,Vittical,china,2025-01-11T22:40:54.519038Z,手动领取过
swxdshappy25,Mystical Scroll x3,Vittical,china,2025-01-11T22:43:16.132789Z,手动领取过
sw2025jan6a8,Energy x1,759830,china,2025-01-11T22:45:22.135282Z,手动领取过
swxdshappy25,Mystical Scroll x3,759830,china,2025-01-11T22:47:13.622821Z,手动领取过
sw2025jan6a8,Energy x1,ZQLDHJ,china,2025-01-11T22:49:54.809206Z,手动领取过
swxdshappy25,Mystical Scroll x3,ZQLDHJ,china,2025-01-11T22:53:45.418958Z,手动领取过
sw2025jan6a8,Energy x1,zhang921027,china,2025-01-11T22:57:13.457950Z,手动领取过
swxdshappy25,Mystical Scroll x3,zhang921027,china,2025-01-11T22:58:50.459830Z,手动领取过
sw2025jan6a8,Energy x1,hyyni1234,china,2025-01-11T23:01:33.459155Z,手动领取过
swxdshappy25,Mystical Scroll x3,hyyni1234,china,2025-01-11T23:58:21.361379Z,手动领取过
sw2025jan6a8,Energy x1,ZXFAILXY0322,china,2025-01-12T00:01:37.603492Z,手动领取过
swxdshappy25,Mystical Scroll x3,ZXFAILXY0322,china,2025-01-12T00:04:58.999066Z,手动领取过
sw2025jan6a8,Energy x1,linchao0510,china,2025-01-12T00:07:45.546946Z,手动领取过
swxdshappy25,Mystical Scroll x3,linchao0510,china,2025-01-12T00:10:08.678239Z,手动领取过
sw2025jan6a8,Energy x1,gcnu2768,china,2025-01-12T00:12:35.088727Z,手动领取过
swxdshappy25,Mystical Scroll x3,gcnu2768,china,2025-01-12T00:15:11.453497Z,手动领取过
sw2025jan6a8,Energy x1,wwcc998,china,2025-01-12T00:17:20.113346Z,手动领取过
swxdshappy25,Mystical Scroll x3,wwcc998,china,2025-01-12T00:19:51.050679Z,手动领取过
sw2025jan6a8,Energy x1,78619630,china,2025-01-12T00:22:16.358382Z,手动领取过
swxdshappy25,Mystical Scroll x3,78619630,china,2025-01-12T00:24:34.262905Z,手动领取过
sw2025jan6a8,Energy x1,jk187,china,2025-01-12T00:27:17.882807Z,手动领取过
swxdshappy25,Mystical Scroll x3,jk187,china,2025-01-12T00:28:38.357847Z,手动领取过
sw2025jan6a8,Energy x1,dshujun,china,2025-01-12T00:30:47.263582Z,手动领取过
swxdshappy25,Mystical Scroll x3,dshujun,china,2025-01-12T00:32:51.105781Z,手动领取过
sw2025jan6a8,Energy x1,kkws228,china,2025-01-12T00:34:04.755902Z,手动领取过
swxdshappy25,Mystical Scroll x3,kkws228,china,2025-01-12T00:36:17.604972Z,手动领取过
sw2025jan6a8,Energy x1,jk187,china,2025-01-12T03:59:17.639199Z,手动领取过
swxdshappy25,Mystical Scroll x3,jk187,china,2025-01-12T04:28:02.011802Z,手动领取过
sw2025jan6a8,Energy x1,dshujun,china,2025-01-12T04:29:10.146610Z,手动领取过
swxdshappy25,Mystical Scroll x3,dshujun,china,2025-01-12T04:30:59.591812Z,手动领取过
sw2025jan6a8,Energy x1,kkws228,china,2025-01-12T04:36:21.863903Z,手动领取过
swxdshappy25,Mystical Scroll x3,kkws228,china,2025-01-12T04:38:15.480840Z,手动领取过
