redeem,hiveid,server,date,retcode,retmsg
sw2025jan6a8,kkws228,china,2025-01-11T22:14:37.855223Z,(H304),已使用过的优惠券代码。
sw2024decs9q,kkws228,china,2025-01-11T22:16:39.682573Z,(H306),无效的优惠券代码。<br/>请重新确认。
swxdshappy25,kkws228,china,2025-01-11T22:18:11.124883Z,(H304),已使用过的优惠券代码。
devnote2025dscollab,samuer007,china,2025-01-11T22:22:53.641186Z,(H306),无效的优惠券代码。<br/>请重新确认。
sw2025jan6a8,samuer007,china,2025-01-11T22:23:42.194715Z,(H304),已使用过的优惠券代码。
sw2024decs9q,samuer007,china,2025-01-11T22:24:58.023457Z,(H306),无效的优惠券代码。<br/>请重新确认。
swxdshappy25,samuer007,china,2025-01-11T22:26:46.972621Z,(H304),已使用过的优惠券代码。
devnote2025dscollab,safety007,china,2025-01-11T22:27:58.716482Z,(H306),无效的优惠券代码。<br/>请重新确认。
sw2025jan6a8,safety007,china,2025-01-11T22:29:30.470087Z,(H304),已使用过的优惠券代码。
sw2024decs9q,safety007,china,2025-01-11T22:29:48.892418Z,(H306),无效的优惠券代码。<br/>请重新确认。
swxdshappy25,safety007,china,2025-01-11T22:31:46.795561Z,(H304),已使用过的优惠券代码。
devnote2025dscollab,1940519852,china,2025-01-11T22:32:17.918316Z,(H306),无效的优惠券代码。<br/>请重新确认。
sw2025jan6a8,1940519852,china,2025-01-11T22:32:45.159585Z,(H304),已使用过的优惠券代码。
sw2024decs9q,1940519852,china,2025-01-11T22:33:44.566945Z,(H306),无效的优惠券代码。<br/>请重新确认。
swxdshappy25,1940519852,china,2025-01-11T22:35:07.514415Z,(H304),已使用过的优惠券代码。
devnote2025dscollab,763066,china,2025-01-11T22:35:44.309725Z,(H306),无效的优惠券代码。<br/>请重新确认。
sw2025jan6a8,763066,china,2025-01-11T22:37:07.718035Z,(H304),已使用过的优惠券代码。
sw2024decs9q,763066,china,2025-01-11T22:37:54.706044Z,(H306),无效的优惠券代码。<br/>请重新确认。
swxdshappy25,763066,china,2025-01-11T22:39:26.699326Z,(H304),已使用过的优惠券代码。
devnote2025dscollab,Vittical,china,2025-01-11T22:40:01.872696Z,(H306),无效的优惠券代码。<br/>请重新确认。
sw2025jan6a8,Vittical,china,2025-01-11T22:40:54.519038Z,(H304),已使用过的优惠券代码。
sw2024decs9q,Vittical,china,2025-01-11T22:42:17.400965Z,(H306),无效的优惠券代码。<br/>请重新确认。
swxdshappy25,Vittical,china,2025-01-11T22:43:16.132789Z,(H304),已使用过的优惠券代码。
devnote2025dscollab,759830,china,2025-01-11T22:44:35.476687Z,(H306),无效的优惠券代码。<br/>请重新确认。
sw2025jan6a8,759830,china,2025-01-11T22:45:22.135282Z,(H304),已使用过的优惠券代码。
sw2024decs9q,759830,china,2025-01-11T22:45:40.235753Z,(H306),无效的优惠券代码。<br/>请重新确认。
swxdshappy25,759830,china,2025-01-11T22:47:13.622821Z,(H304),已使用过的优惠券代码。
devnote2025dscollab,ZQLDHJ,china,2025-01-11T22:47:54.916440Z,(H306),无效的优惠券代码。<br/>请重新确认。
sw2025jan6a8,ZQLDHJ,china,2025-01-11T22:49:54.809206Z,(H304),已使用过的优惠券代码。
sw2024decs9q,ZQLDHJ,china,2025-01-11T22:51:54.038957Z,(H306),无效的优惠券代码。<br/>请重新确认。
swxdshappy25,ZQLDHJ,china,2025-01-11T22:53:45.418958Z,(H304),已使用过的优惠券代码。
devnote2025dscollab,zhang921027,china,2025-01-11T22:55:23.982658Z,(H306),无效的优惠券代码。<br/>请重新确认。
sw2025jan6a8,zhang921027,china,2025-01-11T22:57:13.457950Z,(H304),已使用过的优惠券代码。
sw2024decs9q,zhang921027,china,2025-01-11T22:57:55.460294Z,(H306),无效的优惠券代码。<br/>请重新确认。
swxdshappy25,zhang921027,china,2025-01-11T22:58:50.459830Z,(H304),已使用过的优惠券代码。
devnote2025dscollab,hyyni1234,china,2025-01-11T22:59:56.140126Z,(H306),无效的优惠券代码。<br/>请重新确认。
sw2025jan6a8,hyyni1234,china,2025-01-11T23:01:33.459155Z,(H304),已使用过的优惠券代码。
swxdshappy25,hyyni1234,china,2025-01-11T23:58:21.361379Z,(H304),已使用过的优惠券代码。
devnote2025dscollab,ZXFAILXY0322,china,2025-01-12T00:00:05.002658Z,(H306),无效的优惠券代码。<br/>请重新确认。
sw2025jan6a8,ZXFAILXY0322,china,2025-01-12T00:01:37.603492Z,(H304),已使用过的优惠券代码。
sw2024decs9q,ZXFAILXY0322,china,2025-01-12T00:03:00.053519Z,(H306),无效的优惠券代码。<br/>请重新确认。
swxdshappy25,ZXFAILXY0322,china,2025-01-12T00:04:58.999066Z,(H304),已使用过的优惠券代码。
devnote2025dscollab,linchao0510,china,2025-01-12T00:05:56.696574Z,(H306),无效的优惠券代码。<br/>请重新确认。
sw2025jan6a8,linchao0510,china,2025-01-12T00:07:45.546946Z,(H304),已使用过的优惠券代码。
sw2024decs9q,linchao0510,china,2025-01-12T00:09:23.247430Z,(H306),无效的优惠券代码。<br/>请重新确认。
swxdshappy25,linchao0510,china,2025-01-12T00:10:08.678239Z,(H304),已使用过的优惠券代码。
devnote2025dscollab,gcnu2768,china,2025-01-12T00:10:49.095796Z,(H306),无效的优惠券代码。<br/>请重新确认。
sw2025jan6a8,gcnu2768,china,2025-01-12T00:12:35.088727Z,(H304),已使用过的优惠券代码。
sw2024decs9q,gcnu2768,china,2025-01-12T00:13:34.990477Z,(H306),无效的优惠券代码。<br/>请重新确认。
swxdshappy25,gcnu2768,china,2025-01-12T00:15:11.453497Z,(H304),已使用过的优惠券代码。
devnote2025dscollab,wwcc998,china,2025-01-12T00:16:54.137485Z,(H306),无效的优惠券代码。<br/>请重新确认。
sw2025jan6a8,wwcc998,china,2025-01-12T00:17:20.113346Z,(H304),已使用过的优惠券代码。
sw2024decs9q,wwcc998,china,2025-01-12T00:18:45.838287Z,(H306),无效的优惠券代码。<br/>请重新确认。
swxdshappy25,wwcc998,china,2025-01-12T00:19:51.050679Z,(H304),已使用过的优惠券代码。
devnote2025dscollab,78619630,china,2025-01-12T00:21:48.344745Z,(H306),无效的优惠券代码。<br/>请重新确认。
sw2025jan6a8,78619630,china,2025-01-12T00:22:16.358382Z,(H304),已使用过的优惠券代码。
sw2024decs9q,78619630,china,2025-01-12T00:23:38.855724Z,(H306),无效的优惠券代码。<br/>请重新确认。
swxdshappy25,78619630,china,2025-01-12T00:24:34.262905Z,(H304),已使用过的优惠券代码。
devnote2025dscollab,jk187,china,2025-01-12T00:25:19.581710Z,(H306),无效的优惠券代码。<br/>请重新确认。
sw2025jan6a8,jk187,china,2025-01-12T00:27:17.882807Z,(H304),已使用过的优惠券代码。
sw2024decs9q,jk187,china,2025-01-12T00:27:55.152259Z,(H306),无效的优惠券代码。<br/>请重新确认。
swxdshappy25,jk187,china,2025-01-12T00:28:38.357847Z,(H304),已使用过的优惠券代码。
devnote2025dscollab,dshujun,china,2025-01-12T00:29:21.343710Z,(H306),无效的优惠券代码。<br/>请重新确认。
sw2025jan6a8,dshujun,china,2025-01-12T00:30:47.263582Z,(H304),已使用过的优惠券代码。
sw2024decs9q,dshujun,china,2025-01-12T00:32:27.641564Z,(H306),无效的优惠券代码。<br/>请重新确认。
swxdshappy25,dshujun,china,2025-01-12T00:32:51.105781Z,(H304),已使用过的优惠券代码。
devnote2025dscollab,kkws228,china,2025-01-12T00:33:43.341319Z,(H306),无效的优惠券代码。<br/>请重新确认。
sw2025jan6a8,kkws228,china,2025-01-12T00:34:04.755902Z,(H304),已使用过的优惠券代码。
sw2024decs9q,kkws228,china,2025-01-12T00:35:56.154389Z,(H306),无效的优惠券代码。<br/>请重新确认。
swxdshappy25,kkws228,china,2025-01-12T00:36:17.604972Z,(H304),已使用过的优惠券代码。
sw2025jan6a8,jk187,china,2025-01-12T03:59:17.639199Z,(H304),已使用过的优惠券代码。
sw2024decs9q,jk187,china,2025-01-12T04:27:08.113613Z,(H306),无效的优惠券代码。<br/>请重新确认。
swxdshappy25,jk187,china,2025-01-12T04:28:02.011802Z,(H304),已使用过的优惠券代码。
devnote2025dscollab,dshujun,china,2025-01-12T04:28:41.250431Z,(H306),无效的优惠券代码。<br/>请重新确认。
sw2025jan6a8,dshujun,china,2025-01-12T04:29:10.146610Z,(H304),已使用过的优惠券代码。
sw2024decs9q,dshujun,china,2025-01-12T04:30:01.898696Z,(H306),无效的优惠券代码。<br/>请重新确认。
swxdshappy25,dshujun,china,2025-01-12T04:30:59.591812Z,(H304),已使用过的优惠券代码。
devnote2025dscollab,kkws228,china,2025-01-12T04:31:59.512156Z,(H306),无效的优惠券代码。<br/>请重新确认。
sw2025jan6a8,kkws228,china,2025-01-12T04:36:21.863903Z,(H304),已使用过的优惠券代码。
sw2024decs9q,kkws228,china,2025-01-12T04:37:23.316521Z,(H306),无效的优惠券代码。<br/>请重新确认。
swxdshappy25,kkws228,china,2025-01-12T04:38:15.480840Z,(H304),已使用过的优惠券代码。
